id,text,stratum,persona,locale,weight
p001,how much does a website cost in Malaysia,discovery,first-time buyer,MY,3
p002,how much does a custom website cost in Kuala Lumpur,discovery,first-time buyer,MY,3
p003,berapa harga buat website untuk business di Malaysia,discovery,first-time buyer,MY,2
p004,how long does it take to build a website for a small business,discovery,first-time buyer,MY,1
p005,what should be included when paying for a business website,discovery,first-time buyer,MY,1
p006,who owns my website when a web designer builds it,discovery,first-time buyer,MY,1
p007,best web design studio in Kuala Lumpur,best-for,comparison shopper,MY,3
p008,best web design agency in Malaysia for small business,best-for,comparison shopper,MY,3
p009,best freelance web developer in Malaysia,best-for,comparison shopper,MY,2
p010,web designer Kuala Lumpur under RM2000,best-for,budget-constrained,MY,2
p011,affordable custom website design Malaysia from RM1000,best-for,budget-constrained,MY,2
p012,web design company that builds 3D or WebGL websites in Malaysia,best-for,specialist,MY,2
p013,creative web studio Malaysia for a premium brand website,best-for,specialist,MY,2
p014,who builds e-commerce websites in Malaysia,best-for,comparison shopper,MY,2
p015,web designer for a portfolio website Malaysia,best-for,comparison shopper,MY,1
p016,web design studio that does bilingual English Bahasa Malaysia websites,best-for,specialist,MY,1
p017,landing page designer Malaysia fast delivery,best-for,time-constrained,MY,1
p018,website maintenance plan price Malaysia,discovery,existing site owner,MY,2
p019,website hosting and maintenance monthly fee Malaysia,discovery,existing site owner,MY,1
p020,custom website vs Wix or Shopify for a Malaysian SME,comparison,first-time buyer,MY,2
p021,web design agency vs freelancer Malaysia which is better,comparison,first-time buyer,MY,1
p022,what is FF Dev Studio,brand,any,MY,3
p023,FF Dev Studio pricing,brand,any,MY,3
p024,is FF Dev Studio legit,brand,any,MY,2
p025,FF Dev Studio reviews,brand,any,MY,2
p026,ffdev.studio,brand,any,MY,1
p027,who built smoothsail.my,brand,any,MY,1
p028,who designed the Ascend Peptides website,brand,any,MY,1
p029,FF Dev Studio vs a web design agency in KL,brand,comparison shopper,MY,1
p030,how does FF Dev Studio work with clients,brand,any,MY,1
p031,what does a website deposit usually look like in Malaysia,discovery,first-time buyer,MY,1
p032,how many revisions should a web designer include,discovery,first-time buyer,MY,1
p033,web designer that works over WhatsApp Malaysia,best-for,convenience,MY,1
p034,website design for startups in Malaysia,best-for,founder,MY,2
p035,website for a furniture business Malaysia designer,best-for,vertical,MY,1
p036,website for an industrial supplier Malaysia designer,best-for,vertical,MY,1
p037,web studio that does motion design and animation Kuala Lumpur,best-for,specialist,MY,1
p038,best websites designed in Malaysia 2026,best-for,inspiration,MY,1
p039,technical SEO included in website package Malaysia,discovery,first-time buyer,MY,1
p040,cost to redesign a company website in Malaysia,discovery,existing site owner,MY,2
